Employee Name,Department,Data
Roma Marcell,Division of Telecommunications Extranet Development,03/27/2021
Hugo Wess,Extranet Multimedia Connectivity and Security Division,03/27/2022
Kelvin Lahr,Branch of Extranet Implementation,03/27/2023
Janelle Newberg,Division of Telecommunications Extranet Development,03/27/2024
Mellie Lombard,Branch of Intranet Computer Maintenance and E-Commerce PC Programming,03/27/2025
Reita Abshire,Wireless Extranet Backup Team,03/27/2026
Dalila Vickrey,Database Programming Branch,03/27/2027
Idella Dallman,Branch of Extranet Implementation,03/27/2028
Farah Eldridge,Hardware Backup Department,03/27/2029
Lana Montes,Hardware Backup Department,03/27/2030
Leola Thornburg,Extranet Multimedia Connectivity and Security Division,03/27/2031
Marcelo Paris,Database Programming Branch,03/27/2032
Ione Tomlin,Multimedia Troubleshooting and Maintenance Team,03/27/2033
Hilario Masterson,Multimedia Troubleshooting and Maintenance Team,03/27/2034
Janice Skipper,Wireless Extranet Backup Team,03/27/2035
Keren Gillespi,Office of Statistical Data Connectivity,03/27/2036
Linh Leitzel,Division of Telecommunications Extranet Development,03/27/2037
Rosalia Ayoub,Division of Application Security,03/27/2038
Shawna Hood,Branch of Intranet Computer Maintenance and E-Commerce PC Programming,03/27/2039
Wilfredo Stumpf,Network Maintenance and Multimedia Implementation Committee,03/27/2040
Alexandra Brendle,Office of Statistical Data Connectivity,03/27/2041
Luciano Riddell,Mainframe PC Development and Practical Source Code Acquisition Team,03/27/2042
Boyce Perales,Network Maintenance and Multimedia Implementation Committee,03/27/2043
Alissa Perlman,Division of Telecommunications Extranet Development,03/27/2044
Latoyia Kremer,Network Maintenance and Multimedia Implementation Committee,03/27/2045
Tawna Blackmore,Wireless Extranet Backup Team,03/27/2046
Claudine Valderrama,Hardware Backup Department,03/27/2047
Katheryn Lepak,Network Maintenance and Multimedia Implementation Committee,03/27/2048
Sage Bow,Multimedia Troubleshooting and Maintenance Team,03/27/2049
Altha Rudisill,Hardware Backup Department,03/27/2050
Olympia Vien,Division of Application Security,03/27/2051
Olene Pyron,PC Maintenance Department,03/27/2052
Delorse Searle,Extranet Multimedia Connectivity and Security Division,03/27/2053
Greta Quigg,Bureau of Business-Oriented PC Backup and Wireless Telecommunications Control,03/27/2054
Kenneth Bowie,Branch of Intranet Computer Maintenance and E-Commerce PC Programming,03/27/2055
Colton Kranz,Hardware Backup Department,03/27/2056
Kasie Barclay,Multimedia Troubleshooting and Maintenance Team,03/27/2057
Thresa Levins,Extranet Multimedia Connectivity and Security Division,03/27/2058
Diego Hasbrouck,Software Technology and Networking Department,03/27/2059
Tomoko Gale,Database Programming Branch,03/27/2060
